2011-03-16 19:29:56,html5
2011-03-25 17:43:24,json
2011-03-25 17:43:50,json_orange
2011-03-25 17:44:48,xml
2011-03-25 18:13:34,csv
2011-03-26 17:17:20,thumbs_up
2011-03-26 17:17:50,thumbs_down
2011-03-27 23:15:56,thumbs_up_down
2011-03-29 19:53:42,ajax-loader1
2011-03-30 20:00:24,xslt
2011-04-06 14:39:44,ajax-loader
2011-04-06 16:32:24,zoom
2011-04-06 16:32:24,upload32
2011-04-06 16:32:26,stop
2011-04-06 16:32:28,step_previous
2011-04-06 16:32:28,stop 2
2011-04-06 16:32:30,slideshow
2011-04-06 16:32:30,rss
2011-04-06 16:32:30,step_next
2011-04-06 16:32:32,refresh
2011-04-06 16:32:34,pause
2011-04-06 16:32:34,play
2011-04-06 16:32:34,login
2011-04-06 16:32:36,home
2011-04-06 16:32:36,image-open
2011-04-06 16:32:38,edit
2011-04-06 16:32:38,eject_red
2011-04-06 16:32:38,eject
2011-04-06 16:32:40,delete
2011-04-06 16:32:40,download
2011-04-06 16:32:42,comment
2011-04-06 16:32:42,arrow-previous
2011-04-06 16:32:42,blend
2011-04-06 16:32:44,arrow-next
2011-04-06 16:32:44,arrow-last
2011-04-06 16:32:46,arrow-first
2011-04-06 16:32:46,arrow-forward
2011-04-06 16:32:48,24-zoom-fill
2011-04-06 16:32:48,arrow-back
2011-04-06 16:32:48,aide
2011-04-06 16:32:50,24-zoom-actual
2011-04-08 17:24:44,minus
2011-10-25 14:46:24,fb0
2011-10-25 14:48:28,fb
2012-01-05 11:02:52,background
2012-01-10 12:00:02,infoQ
2012-01-10 12:00:02,info
2012-01-10 12:08:46,upload16
2012-01-29 01:45:38,media-next
2012-01-29 01:46:10,media-next-24
2012-01-29 01:46:54,media-stop
2012-01-29 01:48:48,media-rewind
2012-01-29 01:48:48,media-previous
2012-01-29 01:48:48,media-forward
2012-01-29 01:48:48,media-play
2012-01-29 01:49:26,media-previous-24
2012-03-04 23:58:46,delete128
2012-03-05 00:03:50,remove
2012-03-21 19:27:22,gallery
2012-03-23 10:35:30,folder
2012-03-28 10:07:58,media-pause
2012-05-17 13:40:20,testing
2012-06-08 17:24:40,star
2012-06-08 17:25:58,star-48
2012-06-11 22:34:26,parent
2012-06-11 22:37:02,folder_up
2012-09-02 01:32:32,trash
2012-09-02 01:32:32,ajax-loaderback
2012-09-02 01:32:32,ajax-loadereee
2012-09-02 01:32:32,image
2012-09-02 01:32:32,unknown
2012-09-10 13:40:24,PJorange50
2012-10-26 10:24:52,images
2012-10-26 10:46:26,upload
2012-10-30 16:20:06,playlist
2012-12-02 19:23:42,music
2013-01-03 12:36:12,blank1px
2013-02-05 15:57:50,search24
2013-02-05 15:58:06,search16
2013-02-05 15:58:06,search128
2013-08-06 01:51:01,close
2013-08-15 16:59:35,close128
2013-08-31 01:00:36,zoom-in
2013-08-31 01:01:05,zoom-out
2013-09-11 09:02:22,rotate-right
2013-09-11 09:02:31,rotate-left
